AGENCY NAME,WEBSITE,EMAIL,AI_DRAFTED_EMAIL
Legend1st Digital Marketing Agency in Dubai - Social Media Marketing & SEO Services,https://legend1st.com/,Manual Search,"Ahmed,

I came across Legend1st while reviewing top Dubai agencies and liked how you bundle SEO, Social Media Marketing, and app/website development under one roof for clients.

I’m a Senior Full-Stack Developer (Node.js/React) and recently built a WhatsApp Automation Bot with 2‑way Google Calendar sync that’s working well for dentists and real estate teams.

It plugs into their existing workflows, auto-handles leads/appointment bookings via WhatsApp, and keeps calendars perfectly synced—fully white-label, so it can sit under the Legend1st brand while I manage all the tech.

Quick overview of my work: www.mrkaushalshah.com  
Bot demo (2 minutes): https://youtu.be/8LzFZKeCnfY  

If this could be a bolt‑on upsell for your SEO/SMM retainers, are you open to a 5‑min chat?"
Volga Tigris | Marketing Agency Dubai,https://www.volgatigris.com/?utm_source=gmb&utm_medium=organic&utm_campaign=gmbdubai,Manual Search,"Hi [First Name],

I came across Volga Tigris while reading your blog on “How to Measure ROI from Your Digital Marketing Campaigns” and thought a specific add-on might plug in well to your current 360° offering.

I’m Kaushal Shah, a Senior Full‑Stack Developer (Node.js/React). I’ve built a WhatsApp Automation Bot with 2‑way Google Calendar sync, currently tailored for dentists and real estate. It handles lead capture, auto‑followups, appointment booking, reminders, and no‑show recovery — all via WhatsApp.

You could white‑label this as part of your digital marketing packages while I handle all tech, customization, and support.

Portfolio: https://www.mrkaushalshah.com  
3‑min demo: https://youtu.be/8LzFZKeCnfY  

Are you open to a 5‑min chat?"
Prism Digital,https://www.prism-me.com/,Manual Search,"Hi [First Name],

I was going through Prism Digital’s site and your case studies on result-driven campaigns in Dubai, and it struck me that you’re perfectly positioned to bolt on a high-ROI automation offer for your clients.

I’m Kaushal Shah, a senior full-stack dev (Node.js/React). I’ve built a white-label WhatsApp Automation Bot with 2-way Google Calendar sync currently used in dental and real-estate funnels.

Prism could:
- Sell it as your own automation product  
- Use it to increase lead response speed, show up rates, and retention  
- Let me handle setup, maintenance, and customizations while your team focuses on strategy and media

Demo (2 mins): https://youtu.be/8LzFZKeCnfY  
Portfolio: https://www.mrkaushalshah.com  

If it looks like something you could plug into existing retainers or new offers:  
Are you open to a 5-min chat?"
Aspiration Worx | SEO Company Dubai | Digital Marketing Agency Dubai | E-commerce Agency | كشركة لتحسين محركات البحث في دبي,https://www.aspirationworx.com/,Manual Search,"Hi [First Name],

I was browsing Aspiration Worx’s site and your blogs on social media campaigns and conversion-focused PPC stood out — especially your focus on performance and “search domination.”

I’m a Senior Full-Stack Developer (Node.js/React) and I’ve built a WhatsApp Automation Bot with 2-way Google Calendar sync, currently positioned for dentists and real estate.

It plugs directly into existing funnels (SEO, Google Ads, Facebook/Instagram Ads) and handles:
- Automated WhatsApp lead follow-up
- Appointment scheduling + rescheduling
- No-show reduction via smart reminders

This can be white-labeled under Aspiration Worx and sold as a monthly add-on to your current SEO/PPC retainers. I handle all tech, you keep the client and margin.

Quick demo: https://youtu.be/8LzFZKeCnfY  
Portfolio: https://www.mrkaushalshah.com

Are you open to a 5-min chat?"
Leads Dubai,https://www.leadsdubai.com/,Manual Search,"Hi [First Name],

I was going through Leads Dubai’s case studies on real estate and school lead gen, and had a thought that might plug straight into your existing offers.

I’m Kaushal Shah, a Senior Full-Stack Developer (Node.js/React). I’ve built a WhatsApp Automation Bot with 2-way Google Calendar sync that’s currently tailored for Dentists and Real Estate – perfect for turning your Google/Facebook/Instagram leads into confirmed appointments without extra manual follow-up.

You could white-label it as your own “WhatsApp + Calendar Automation” add-on, while I handle all the tech, setup, and support behind the scenes.

Quick demo (2 min): https://youtu.be/8LzFZKeCnfY  
Portfolio: https://www.mrkaushalshah.com  

Are you open to a 5-min chat?"
EDS FZCO - Outdoor/Radio/PR/Social/Digital/Web & More,https://eds.ae/,Manual Search,"Hi [First Name],

I came across EDS FZCO while checking agencies that run 360° campaigns across Outdoor, Radio, Social, and Lead Gen, and it looks like you’re already deep in industry-specific digital.

I’m Kaushal Shah, a Senior Full-Stack Developer (Node.js/React). I’ve built a white-label WhatsApp Automation Bot with 2-way Google Calendar sync, currently tailored for dentists and real estate:

- Auto-confirm/cancel/reschedule via WhatsApp  
- Fewer no-shows, more kept appointments  
- Works quietly behind your existing funnels

My thought: you plug this in as an EDS-branded add-on for your industry-specific digital packages; I stay behind the scenes handling all tech, support, and customization.

Demo: https://youtu.be/8LzFZKeCnfY  
Portfolio: https://www.mrkaushalshah.com

Are you open to a 5-min chat?"
