AGENCY NAME,WEBSITE
Wisoft Solutions - Digital Marketing Agency in Dubai,https://www.wisoftsolutions.com/?utm_source=GMB&utm_medium=organic&utm_campaign=gmb_traffic
Legend1st Digital Marketing Agency in Dubai - Social Media Marketing & SEO Services,https://legend1st.com/
Volga Tigris | Marketing Agency Dubai,https://www.volgatigris.com/?utm_source=gmb&utm_medium=organic&utm_campaign=gmbdubai
Prism Digital,https://www.prism-me.com/
United SEO Dubai,https://www.unitedseo.ae/
Aspiration Worx | SEO Company Dubai | Digital Marketing Agency Dubai | E-commerce Agency | كشركة لتحسين محركات البحث في دبي,https://www.aspirationworx.com/
Leads Dubai,https://www.leadsdubai.com/
EDS FZCO - Outdoor/Radio/PR/Social/Digital/Web & More,https://eds.ae/
ENH Marketing - Digital Marketing Agency in Dubai UAE | Social Media | التسويق الرقمي دبي,https://enhmedia.com/
SEO Sherpa,https://seosherpa.com/locations/dubai/?utm_source=gmb&utm_medium=organic
Digital Media Sapiens | Digital Marketing Agency in Dubai,https://digitalmediasapiens.com/
Digital Arabia®┃Digital Marketing Agency in Dubai ┃SEO Service in Dubai,https://www.digitalarabia.ae/
Donut Media | F&B Restaurant Marketing Agency,http://poweredbydonut.com/
Above Digital,https://www.abovedigital.com/
Pentagon SEO,https://www.pentamedia.ae/
"Digital Orks Agency in Dubai | PPC, SEO, Web Analytics & More",https://digitalorks.com/?utm_source=gmb&utm_medium=maps
Amplify Marketing Agency Dubai,https://amplifydubai.com/
Si3 Digital Marketing Agency Dubai,https://www.si3.ae/?utm_source=google_profile&utm_campaign=localo&utm_medium=mainlink
Grassroots Creative Agency,https://gr.agency/
Zelta Media - SEO Agency Dubai,https://zeltamedia.com/
McCollins Media,https://mccollinsmedia.com/
Be Unique Group,http://www.beuniquegroup.com/
Digital Vertise,http://www.digitalvertise.com/
Dreamize,http://www.dreamizegroup.com/
Mighty Warner:,https://www.mightywarner.ae/
BM Digital Marketing Agency in Dubai | Social Media Management - Website Design - Real Estate Digital Marketing - PPC Agency,https://www.bmmarketing.ae/
Tonic International,https://www.tonicinternational.com/
Vibrand 360,https://www.vibrand360.com/
Socio.ae | Digital Marketing Agency,https://socio.ae/
Clicktap Digital Technologies,https://www.clicktap.ae/
ULEGENDARY DIGITAL,http://www.ulegendary.com/
Yardstick Marketing Management,http://www.yardstick-marketing.com/
Red Berries | Digital Marketing Agency in Dubai | Web Designing Firm | SEO Services,https://redberries.ae/?utm_source=GMB&utm_medium=GMB&utm_campaign=Google+Business+Visitor
Panamedia - Creative Digital Marketing Agency in Dubai,https://panamedia.me/
Zenerom Digital Marketing Agency,https://zenerom.ae/
GLMA Agency,https://www.glmaagency.com/
WGG Advertising Agency,http://wgg-agency.com/
7G Media,http://www.7gmedia.com/
IBA Advertising Dubai,https://i-iba.com/
Marketing Trend SEO Agency & Website Development Company,https://marketingtrend.ae/
RadiantBiz Business Setup Consultants in Dubai,https://www.google.com/aclk?sa=L&ai=DChsSEwjK4_Gr9dGRAxXp4RYFHSHODswYACICCAEQABoCdGw&co=1&ase=2&gclid=EAIaIQobChMIyuPxq_XRkQMV6eEWBR0hzg7MEBAYASAAEgKLjvD_BwE&cid=CAASuwHkaNFEAWsOh4P7G6ZpAOpUFqevwY8QoyPe1bRVjPe8jZDABZUJXBRkeOqncMHqiEvKsfOK9argkozY3zKcr-XEgwSl8YfoOQwfBjJPy9VrCDyLusXDTH6CI_riOJJOztn2kjqgynF7t61SaN102ohUxx7NcHnnaIpVvkZ2-29W-yqDdyHOAStZgYjYydwpyhMPC4eVhoT4SOGXBTAJGYJblqvu85jlFoKxdWY-rF4rMvpCD1K2JWw91fRh&cce=2&category=acrcp_v1_32&sig=AOD64_3SZd1t9rvCwtU_72Wjj9U91pvrHw&adurl&q&ctype=99&nis=6
"Commitbiz LLC - Business Setup in Dubai, UAE",https://www.google.com/aclk?sa=L&ai=DChsSEwjK4_Gr9dGRAxXp4RYFHSHODswYACICCAEQBhoCdGw&co=1&ase=2&gclid=EAIaIQobChMIyuPxq_XRkQMV6eEWBR0hzg7MEBAYAiAAEgL0EfD_BwE&cid=CAASuwHkaNFEAWsOh4P7G6ZpAOpUFqevwY8QoyPe1bRVjPe8jZDABZUJXBRkeOqncMHqiEvKsfOK9argkozY3zKcr-XEgwSl8YfoOQwfBjJPy9VrCDyLusXDTH6CI_riOJJOztn2kjqgynF7t61SaN102ohUxx7NcHnnaIpVvkZ2-29W-yqDdyHOAStZgYjYydwpyhMPC4eVhoT4SOGXBTAJGYJblqvu85jlFoKxdWY-rF4rMvpCD1K2JWw91fRh&cce=2&category=acrcp_v1_32&sig=AOD64_15HMw55FPezU-_pq_ZH7S2NQgtcg&adurl&q&ctype=99&nis=6
Stomping 360 Digital Marketing Agency Dubai,https://www.stomping360.com/
GPS Marketing Agency,https://gpsmarketing.agency/
Blue Beetle,https://www.bluebeetle.ae/
"V Patch – Marketing, CGI, Social Media, SEO Agency in Dubai",https://vpatch.ae/?utm_source=google&utm_medium=gmb&utm_campaign=local-seo
W3Torch Digital Agency,https://w3torch.com/
SMS Marketing Agency Dubai,https://www.futuretechnologies.ae/
Upscale Media | F&B Restaurant Marketing Agency Dubai,https://www.upscalemedia.ae/
DSC - SEO Company Dubai | Digital Marketing Agency in Dubai,https://www.dubaiseocompany.ae/
Momentum ME,http://www.mmc-ae.com/
Mystic Advertising,https://www.mystic-advertising.com/
VOUS Agency,https://vousagency.com/
Huco Digital Marketing Agency | Website Development Company,http://hucodigital.com/
Scratch Advertising & Communication FZ LLC,http://www.scratchcom.com/
SEO International,https://www.seointl.net/
Global Media Insight,https://www.globalmediainsight.com/?utm_source=gmb&utm_medium=organic&utm_campaign=gmbdxb
Media Mavericks,https://www.mediamavericks.ae/
Digital Marketing & SEO Agency in Dubai – Brandcare Digital,https://www.brandcaredigital.com/
GCC Marketing,https://www.gcc-marketing.com/
RUYA,https://ruya.ae/
Digital Gravity - Web Design Development Company,https://www.digitalgravity.ae/?utm_source=gbpae
"Commitbiz LLC - Business Setup in Dubai, UAE",https://www.google.com/aclk?sa=L&ai=DChsSEwj09oGu9dGRAxUV6xYFHd1JKHYYACICCAEQAxoCdGw&co=1&ase=2&gclid=EAIaIQobChMI9PaBrvXRkQMVFesWBR3dSSh2EBAYASAAEgJan_D_BwE&cid=CAASuwHkaImEtC4JzVlmLIeTPjt3s5YppHvXOfKY1QBMrHh8wHsf3Zi9kl-1oxflFWrZJ7ENRYinUUpWh8Rzu-HW-hZrFTgcjkQGGMH4U4Qc3BRlgPHJpQR2l_VsH5tZCCSaAb6wi2eNLwIIP9lVPXzFCKnpIxl97qQ4KY-psac135HG6I1YwMoj5IWVs2_5gg9I55HB7Isgcg6GMAVCeB9YSaFyqnT6q8o0y_bHPBtwDUMBN7b2Xh5Of9YBOcuh&cce=2&category=acrcp_v1_32&sig=AOD64_07vpW7XLUhsROAkFDIppqX9wUwOw&adurl&q&ctype=99&nis=6
RadiantBiz Business Setup Consultants in Dubai,https://www.google.com/aclk?sa=L&ai=DChsSEwj09oGu9dGRAxUV6xYFHd1JKHYYACICCAEQABoCdGw&co=1&ase=2&gclid=EAIaIQobChMI9PaBrvXRkQMVFesWBR3dSSh2EBAYAiAAEgKyavD_BwE&cid=CAASuwHkaImEtC4JzVlmLIeTPjt3s5YppHvXOfKY1QBMrHh8wHsf3Zi9kl-1oxflFWrZJ7ENRYinUUpWh8Rzu-HW-hZrFTgcjkQGGMH4U4Qc3BRlgPHJpQR2l_VsH5tZCCSaAb6wi2eNLwIIP9lVPXzFCKnpIxl97qQ4KY-psac135HG6I1YwMoj5IWVs2_5gg9I55HB7Isgcg6GMAVCeB9YSaFyqnT6q8o0y_bHPBtwDUMBN7b2Xh5Of9YBOcuh&cce=2&category=acrcp_v1_32&sig=AOD64_1DOYgj4nNej2LK3nCR9lEWgMVlkw&adurl&q&ctype=99&nis=6
Meta Social FZ LLC | Performance Marketing Agency In Dubai,http://metasocial.ae/
LeadVy Digital Marketing Dubai,https://leadvy.com/
Medialinks | Performance & User Acquisition Agency,https://www.themedialinks.com/
Tentwenty Digital Agency,https://www.tentwenty.me/
Coopiq Digital LLC,https://coopiqdigital.com/
Scarlet Media,http://www.scarletmedia.net/
Sahil Digital Solutions - Digital Marketing Agency In Dubai | Digital Marketing | Social Media Marketing | SEO Services,https://sahildigitalsolutions.com/top-digital-marketing-agency-in-dubai/
MarketlyX - Digital Marketing Agency Dubai,https://marketlyx.com/
Kingsmen Agency,https://kingsmenagency.com/
High Nova Marketing Agency,http://highnova.io/
BrandStory | Marketing Agency in Dubai,https://www.brandstory.ae/
Richline Media - Tiktok Marketing Agency In Dubai,http://www.richlinedigitalmedia.com/
Insprago Creative Digital Media,https://insprago.com/
"Betasaurus Global | Marketing Agency Dubai, UAE",https://betasaurusglobal.com/
Prism Advertising,https://www.prismads.com/
Boopin,https://www.boopin.com/
Sketches Creative Solutions Best Advertising Agency Dubai,https://sketches.ae/
Yellow,https://welcometoyellow.com/?utm_source=gmb&utm_medium=organic
MasterMind Advertising,http://www.mastermindad.com/
NFINITY8,https://nfinity8.com/
