AGENCY NAME,WEBSITE,EMAIL FOUND,STATUS
Wisoft Solutions - Digital Marketing Agency in Dubai,https://www.wisoftsolutions.com/?utm_source=GMB&utm_medium=organic&utm_campaign=gmb_traffic,Manual Search Req,Failed
Legend1st Digital Marketing Agency in Dubai - Social Media Marketing & SEO Services,https://legend1st.com/,info@legend1st.com,Success
Volga Tigris | Marketing Agency Dubai,https://www.volgatigris.com/?utm_source=gmb&utm_medium=organic&utm_campaign=gmbdubai,mathew.v@volgatigris.com,Success
Prism Digital,https://www.prism-me.com/,info@prism-me.com,Success
United SEO Dubai,https://www.unitedseo.ae/,Not Found,Failed
Aspiration Worx | SEO Company Dubai | Digital Marketing Agency Dubai | E-commerce Agency | كشركة لتحسين محركات البحث في دبي,https://www.aspirationworx.com/,contact@aspirationworx.com,Success
Leads Dubai,https://www.leadsdubai.com/,Leads@leadsdubai.com,Success
EDS FZCO - Outdoor/Radio/PR/Social/Digital/Web & More,https://eds.ae/,info@eds.ae,Success
ENH Marketing - Digital Marketing Agency in Dubai UAE | Social Media | التسويق الرقمي دبي,https://enhmedia.com/,info@enhmedia.com,Success
SEO Sherpa,https://seosherpa.com/locations/dubai/?utm_source=gmb&utm_medium=organic,support@seosherpa.com,Success
Digital Media Sapiens | Digital Marketing Agency in Dubai,https://digitalmediasapiens.com/,info@dmsapiens.com,Success
Digital Arabia®┃Digital Marketing Agency in Dubai ┃SEO Service in Dubai,https://www.digitalarabia.ae/,info@digitalarabia.ae,Success
Donut Media | F&B Restaurant Marketing Agency,http://poweredbydonut.com/,Not Found,Failed
Above Digital,https://www.abovedigital.com/,Manual Search Req,Failed
Pentagon SEO,https://www.pentamedia.ae/,Not Found,Failed
"Digital Orks Agency in Dubai | PPC, SEO, Web Analytics & More",https://digitalorks.com/?utm_source=gmb&utm_medium=maps,hello@digitalorks.com,Success
Amplify Marketing Agency Dubai,https://amplifydubai.com/,Not Found,Failed
Si3 Digital Marketing Agency Dubai,https://www.si3.ae/?utm_source=google_profile&utm_campaign=localo&utm_medium=mainlink,sales@si3.ae,Success
Grassroots Creative Agency,https://gr.agency/,gurus@gr.agency,Success
Zelta Media - SEO Agency Dubai,https://zeltamedia.com/,hello@zeltamedia.com,Success
McCollins Media,https://mccollinsmedia.com/,info@mccollinsmedia.com,Success
Be Unique Group,http://www.beuniquegroup.com/,hello@beuniquegroup.com,Success
Digital Vertise,http://www.digitalvertise.com/,Not Found,Failed
Dreamize,http://www.dreamizegroup.com/,Manual Search Req,Failed
Mighty Warner:,https://www.mightywarner.ae/,info@mightywarner.ae,Success
BM Digital Marketing Agency in Dubai | Social Media Management - Website Design - Real Estate Digital Marketing - PPC Agency,https://www.bmmarketing.ae/,Manual Search Req,Failed
Tonic International,https://www.tonicinternational.com/,amr@tonicinternational.com,Success
Vibrand 360,https://www.vibrand360.com/,info@vibrand360.com,Success
Socio.ae | Digital Marketing Agency,https://socio.ae/,Manual Search Req,Failed
Clicktap Digital Technologies,https://www.clicktap.ae/,inquiry@clicktap.ae,Success
ULEGENDARY DIGITAL,http://www.ulegendary.com/,Manual Search Req,Failed
Yardstick Marketing Management,http://www.yardstick-marketing.com/,Not Found,Failed
Red Berries | Digital Marketing Agency in Dubai | Web Designing Firm | SEO Services,https://redberries.ae/?utm_source=GMB&utm_medium=GMB&utm_campaign=Google+Business+Visitor,Manual Search Req,Failed
Panamedia - Creative Digital Marketing Agency in Dubai,https://panamedia.me/,info@panamedia.me,Success
Zenerom Digital Marketing Agency,https://zenerom.ae/,hello@zenerom.ae,Success
GLMA Agency,https://www.glmaagency.com/,info@glmaagency.com,Success
WGG Advertising Agency,http://wgg-agency.com/,sales@wgg-agency.com,Success
7G Media,http://www.7gmedia.com/,info@7gmedia.com,Success
IBA Advertising Dubai,https://i-iba.com/,Not Found,Failed
Marketing Trend SEO Agency & Website Development Company,https://marketingtrend.ae/,info@marketingtrend.ae,Success
RadiantBiz Business Setup Consultants in Dubai,https://www.google.com/aclk?sa=L&ai=DChsSEwjK4_Gr9dGRAxXp4RYFHSHODswYACICCAEQABoCdGw&co=1&ase=2&gclid=EAIaIQobChMIyuPxq_XRkQMV6eEWBR0hzg7MEBAYASAAEgKLjvD_BwE&cid=CAASuwHkaNFEAWsOh4P7G6ZpAOpUFqevwY8QoyPe1bRVjPe8jZDABZUJXBRkeOqncMHqiEvKsfOK9argkozY3zKcr-XEgwSl8YfoOQwfBjJPy9VrCDyLusXDTH6CI_riOJJOztn2kjqgynF7t61SaN102ohUxx7NcHnnaIpVvkZ2-29W-yqDdyHOAStZgYjYydwpyhMPC4eVhoT4SOGXBTAJGYJblqvu85jlFoKxdWY-rF4rMvpCD1K2JWw91fRh&cce=2&category=acrcp_v1_32&sig=AOD64_3SZd1t9rvCwtU_72Wjj9U91pvrHw&adurl&q&ctype=99&nis=6,info@radiantbiz.com,Success
"Commitbiz LLC - Business Setup in Dubai, UAE",https://www.google.com/aclk?sa=L&ai=DChsSEwjK4_Gr9dGRAxXp4RYFHSHODswYACICCAEQBhoCdGw&co=1&ase=2&gclid=EAIaIQobChMIyuPxq_XRkQMV6eEWBR0hzg7MEBAYAiAAEgL0EfD_BwE&cid=CAASuwHkaNFEAWsOh4P7G6ZpAOpUFqevwY8QoyPe1bRVjPe8jZDABZUJXBRkeOqncMHqiEvKsfOK9argkozY3zKcr-XEgwSl8YfoOQwfBjJPy9VrCDyLusXDTH6CI_riOJJOztn2kjqgynF7t61SaN102ohUxx7NcHnnaIpVvkZ2-29W-yqDdyHOAStZgYjYydwpyhMPC4eVhoT4SOGXBTAJGYJblqvu85jlFoKxdWY-rF4rMvpCD1K2JWw91fRh&cce=2&category=acrcp_v1_32&sig=AOD64_15HMw55FPezU-_pq_ZH7S2NQgtcg&adurl&q&ctype=99&nis=6,enquiries@commitbiz.com,Success
Stomping 360 Digital Marketing Agency Dubai,https://www.stomping360.com/,stomping360@gmail.com,Success
GPS Marketing Agency,https://gpsmarketing.agency/,Manual Search Req,Failed
Blue Beetle,https://www.bluebeetle.ae/,hello@bluebeetle.me,Success
"V Patch – Marketing, CGI, Social Media, SEO Agency in Dubai",https://vpatch.ae/?utm_source=google&utm_medium=gmb&utm_campaign=local-seo,Manual Search Req,Failed
W3Torch Digital Agency,https://w3torch.com/,info@w3torch.com,Success
SMS Marketing Agency Dubai,https://www.futuretechnologies.ae/,sales@futuretechnologies.ae,Success
Upscale Media | F&B Restaurant Marketing Agency Dubai,https://www.upscalemedia.ae/,support@upscalemedia.ae,Success
DSC - SEO Company Dubai | Digital Marketing Agency in Dubai,https://www.dubaiseocompany.ae/,contact@dubaiseocompany.ae,Success
Momentum ME,http://www.mmc-ae.com/,Manual Search Req,Failed
Mystic Advertising,https://www.mystic-advertising.com/,Manual Search Req,Failed
VOUS Agency,https://vousagency.com/,Not Found,Failed
Huco Digital Marketing Agency | Website Development Company,http://hucodigital.com/,Manual Search Req,Failed
Scratch Advertising & Communication FZ LLC,http://www.scratchcom.com/,Not Found,Failed
SEO International,https://www.seointl.net/,Manual Search Req,Failed
Global Media Insight,https://www.globalmediainsight.com/?utm_source=gmb&utm_medium=organic&utm_campaign=gmbdxb,liz@globalmedia.ae,Success
Media Mavericks,https://www.mediamavericks.ae/,Not Found,Failed
Digital Marketing & SEO Agency in Dubai – Brandcare Digital,https://www.brandcaredigital.com/,info@brandcaredigital.com,Success
GCC Marketing,https://www.gcc-marketing.com/,info@gcc-marketing.com,Success
RUYA,https://ruya.ae/,inquiries@ruyaglobal.com,Success
Digital Gravity - Web Design Development Company,https://www.digitalgravity.ae/?utm_source=gbpae,Manual Search Req,Failed
"Commitbiz LLC - Business Setup in Dubai, UAE",https://www.google.com/aclk?sa=L&ai=DChsSEwj09oGu9dGRAxUV6xYFHd1JKHYYACICCAEQAxoCdGw&co=1&ase=2&gclid=EAIaIQobChMI9PaBrvXRkQMVFesWBR3dSSh2EBAYASAAEgJan_D_BwE&cid=CAASuwHkaImEtC4JzVlmLIeTPjt3s5YppHvXOfKY1QBMrHh8wHsf3Zi9kl-1oxflFWrZJ7ENRYinUUpWh8Rzu-HW-hZrFTgcjkQGGMH4U4Qc3BRlgPHJpQR2l_VsH5tZCCSaAb6wi2eNLwIIP9lVPXzFCKnpIxl97qQ4KY-psac135HG6I1YwMoj5IWVs2_5gg9I55HB7Isgcg6GMAVCeB9YSaFyqnT6q8o0y_bHPBtwDUMBN7b2Xh5Of9YBOcuh&cce=2&category=acrcp_v1_32&sig=AOD64_07vpW7XLUhsROAkFDIppqX9wUwOw&adurl&q&ctype=99&nis=6,enquiries@commitbiz.com,Success
RadiantBiz Business Setup Consultants in Dubai,https://www.google.com/aclk?sa=L&ai=DChsSEwj09oGu9dGRAxUV6xYFHd1JKHYYACICCAEQABoCdGw&co=1&ase=2&gclid=EAIaIQobChMI9PaBrvXRkQMVFesWBR3dSSh2EBAYAiAAEgKyavD_BwE&cid=CAASuwHkaImEtC4JzVlmLIeTPjt3s5YppHvXOfKY1QBMrHh8wHsf3Zi9kl-1oxflFWrZJ7ENRYinUUpWh8Rzu-HW-hZrFTgcjkQGGMH4U4Qc3BRlgPHJpQR2l_VsH5tZCCSaAb6wi2eNLwIIP9lVPXzFCKnpIxl97qQ4KY-psac135HG6I1YwMoj5IWVs2_5gg9I55HB7Isgcg6GMAVCeB9YSaFyqnT6q8o0y_bHPBtwDUMBN7b2Xh5Of9YBOcuh&cce=2&category=acrcp_v1_32&sig=AOD64_1DOYgj4nNej2LK3nCR9lEWgMVlkw&adurl&q&ctype=99&nis=6,info@radiantbiz.com,Success
Meta Social FZ LLC | Performance Marketing Agency In Dubai,http://metasocial.ae/,Not Found,Failed
LeadVy Digital Marketing Dubai,https://leadvy.com/,Manual Search Req,Failed
Medialinks | Performance & User Acquisition Agency,https://www.themedialinks.com/,Manual Search Req,Failed
Tentwenty Digital Agency,https://www.tentwenty.me/,info@tentwenty.me,Success
Coopiq Digital LLC,https://coopiqdigital.com/,Not Found,Failed
Scarlet Media,http://www.scarletmedia.net/,Manual Search Req,Failed
Sahil Digital Solutions - Digital Marketing Agency In Dubai | Digital Marketing | Social Media Marketing | SEO Services,https://sahildigitalsolutions.com/top-digital-marketing-agency-in-dubai/,support@exampledomain.com,Success
MarketlyX - Digital Marketing Agency Dubai,https://marketlyx.com/,Manual Search Req,Failed
Kingsmen Agency,https://kingsmenagency.com/,info@kingsmenagency.com,Success
High Nova Marketing Agency,http://highnova.io/,sales@highnova.io,Success
BrandStory | Marketing Agency in Dubai,https://www.brandstory.ae/,info@brandstory.ae,Success
Richline Media - Tiktok Marketing Agency In Dubai,http://www.richlinedigitalmedia.com/,info@richlinedigitalmedia.com,Success
Insprago Creative Digital Media,https://insprago.com/,hello@insprago.com,Success
"Betasaurus Global | Marketing Agency Dubai, UAE",https://betasaurusglobal.com/,hello@betasaurusglobal.com,Success
Prism Advertising,https://www.prismads.com/,Not Found,Failed
Boopin,https://www.boopin.com/,info@boopin.com,Success
Sketches Creative Solutions Best Advertising Agency Dubai,https://sketches.ae/,Manual Search Req,Failed
Yellow,https://welcometoyellow.com/?utm_source=gmb&utm_medium=organic,Not Found,Failed
MasterMind Advertising,http://www.mastermindad.com/,Not Found,Failed
NFINITY8,https://nfinity8.com/,Not Found,Failed
